<beans xmlns="http://www.springframework.org/schema/beans"
	xmlns:xsi="http://www.w3.org/2001/XMLSchema-instance"
	xmlns:context="http://www.springframework.org/schema/context"
	xsi:schemaLocation="http://www.springframework.org/schema/beans
    http://www.springframework.org/schema/beans/spring-beans-3.0.xsd
    http://www.springframework.org/schema/context
    http://www.springframework.org/schema/context/spring-context-3.0.xsd">
	<context:annotation-config />

	<!-- <bean class="com.fis.core.Employee" id="employee">Employee emp=new 
			Employee()
		<constructor-arg type="int" value="123"></constructor-arg>
		<constructor-arg type="String" value="suresh"></constructor-arg>
		<constructor-arg type="int" value="12300"></constructor-arg>
		<constructor-arg name="address" ref="add"></constructor-arg> @Autowired
	</bean>

	<bean class="com.fis.core.Address" id="address">Employee emp=new Employee()
		<constructor-arg type="int" value="12"></constructor-arg>
		<constructor-arg type="String" value="bank colony"></constructor-arg>
		<constructor-arg type="String" value="hyderabad"></constructor-arg>
		<constructor-arg type="long" value="500074"></constructor-arg>
	</bean> -->
	
	<bean class="com.fis.core.Employee" id="employee1"><!-- Employee emp=new 
			Employee() -->
		<property name="empId" value="124"></property>
		<property name="empName" value="naresh"></property>
		<property name="empSal" value="56000"></property>
		<!-- <constructor-arg name="address" ref="add"></constructor-arg> @Autowired -->
	</bean>

	<bean class="com.fis.core.Address" id="address1"><!-- Employee emp=new Employee() -->
		<property name="hno" value="89"></property>
		<property name="colony" value="rtc colony"></property>
		<property name="city" value="banglore"></property>
		<property name="pincode" value="500574"></property>
	</bean>
</beans>
