<beans xmlns="http://www.springframework.org/schema/beans"
	xmlns:xsi="http://www.w3.org/2001/XMLSchema-instance"
	xmlns:p="http://www.springframework.org/schema/p"
	xsi:schemaLocation="http://www.springframework.org/schema/beans   
http://www.springframework.org/schema/beans/spring-beans-3.0.xsd">

	<bean class="com.fis.core.Employee" id="employee"><!-- Employee emp=new Employee() -->
		<property name="empId" value="123"></property>
		<property name="empName" value="suresh"></property>
		<property name="empSal" value="123000"></property>
		<property name="address" ref="add"></property>
	</bean>

	<bean class="com.fis.core.Address" id="add"><!-- Employee emp=new Employee() -->
		<property name="hno" value="12"></property>
		<property name="colony" value="bank colony"></property>
		<property name="city" value="hyderabad"></property>
		<property name="pincode" value="500074"></property>
	</bean>
</beans>
