<beans xmlns="http://www.springframework.org/schema/beans"
	xmlns:xsi="http://www.w3.org/2001/XMLSchema-instance"
	xmlns:context="http://www.springframework.org/schema/context"
	xsi:schemaLocation="http://www.springframework.org/schema/beans
    http://www.springframework.org/schema/beans/spring-beans-3.0.xsd
    http://www.springframework.org/schema/context
    http://www.springframework.org/schema/context/spring-context-3.0.xsd">
	<context:annotation-config></context:annotation-config>
	<bean id="empobj" class="Employee">
		<property name="eid" value="1"></property>
		<property name="ename" value="akash"></property>
	</bean>
	<bean id="add1" class="Address">
		<property name="hno" value="123"></property>
		<property name="city" value="hyd"></property>
	</bean>
	<bean id="add2" class="Address">
		<property name="hno" value="789"></property>
		<property name="city" value="banglore"></property>
	</bean>
</beans>








