<beans xmlns="http://www.springframework.org/schema/beans"
	xmlns:xsi="http://www.w3.org/2001/XMLSchema-instance"
	xmlns:context="http://www.springframework.org/schema/context"
	xsi:schemaLocation="http://www.springframework.org/schema/beans
    http://www.springframework.org/schema/beans/spring-beans-3.0.xsd
    http://www.springframework.org/schema/context
    http://www.springframework.org/schema/context/spring-context-3.0.xsd">
	<context:annotation-config></context:annotation-config>
	<bean id="empobj" class="Employee">
		<constructor-arg name="eid"  value="1"></constructor-arg>
		<constructor-arg name="ename" value="akash"></constructor-arg>
	</bean>
	<bean id="add1" class="Address">
		<constructor-arg name="hno" value="123"></constructor-arg>
		<constructor-arg name="city" value="hyd"></constructor-arg>
	</bean>

</beans>








