<beans xmlns="http://www.springframework.org/schema/beans"
	xmlns:xsi="http://www.w3.org/2001/XMLSchema-instance"
	xmlns:p="http://www.springframework.org/schema/p"
	xsi:schemaLocation="http://www.springframework.org/schema/beans   
http://www.springframework.org/schema/beans/spring-beans-3.0.xsd">

	<bean class="com.fis.core.Employee1" id="employee" scope="prototype"><!-- Employee emp=new Employee() -->
		<property name="empId" value="123"></property>
		<property name="empName" value="suresh"></property>
		<property name="empSal" value="123000"></property>

	</bean>
	<bean class="com.fis.core.Employee1" id="emp">
		<constructor-arg value="111"></constructor-arg>
		<constructor-arg value="mahesh"></constructor-arg>
		<constructor-arg value="78000"></constructor-arg>
	</bean>


</beans>
